,Country,City,Safety index
0,Afghanistan,Herat,
1,Afghanistan,Kabul,
2,Afghanistan,Jalalabad,
3,Afghanistan,Kandahar,
4,Afghanistan,Kunduz,
5,Afghanistan,Mazar-i-Sharif,
6,Albania,Tirana,
7,Albania,Durres,
8,Algeria,Algiers,
9,Algeria,Annaba,
10,Algeria,Batna,
11,Algeria,Béchar,
12,Algeria,Constantine,
13,Algeria,Ghardaïa,
14,Algeria,Guelma,
15,Algeria,M'Sila,
16,Algeria,Mostaganem,
17,Algeria,Oran,
18,Algeria,Skikda,
19,Algeria,Sétif,
20,Algeria,Tlemcen,
21,American Samoa,Pago Pago,
22,Andorra,Andorra La Vella,
23,Angola,Benguela,
24,Angola,Huambo,
25,Angola,Luanda,
26,Angola,Lubango,
27,Angola,Kuito,
28,Antigua and Barbuda,Saint John's,
29,Argentina,Buenos Aires,60.0
30,Argentina,Bahía Blanca,
31,Argentina,Catamarca,
32,Argentina,Comodoro Rivadavia,
33,Argentina,Corrientes,
34,Argentina,Cordoba,62.8
35,Argentina,Formosa,
36,Argentina,La Plata,
37,Argentina,Mar del Plata,
38,Argentina,Mendoza,
39,Argentina,Morón,
40,Argentina,Paraná,
41,Argentina,Posadas,
42,Argentina,Resistencia,
43,Argentina,Rosario,
44,Argentina,Salta,
45,Argentina,San Fernando,
46,Argentina,San Juan,
47,Argentina,San Salvador de Jujuy,
48,Argentina,Santa Fe,
49,Argentina,Santiago del Estero,
50,Armenia,Gyumri,
51,Armenia,Vanadzor,
52,Armenia,Yerevan,
53,Aruba,Oranjestad,
54,Australia,Adelaide,
55,Australia,Brisbane,
56,Australia,Canberra,
57,Australia,Cairns,
58,Australia,Darwin,
59,Australia,Geelong,
60,Australia,Gold Coast,
61,Australia,Wollongong,
62,Australia,Hobart,
63,Australia,Melbourne,78.7
64,Australia,Newcastle,
65,Australia,Perth,
66,Australia,Sunshine Coast,
67,Australia,Sydney,80.6
68,Australia,Townsville,
69,Austria,Graz,
70,Austria,Innsbruck,
71,Austria,Linz,
72,Austria,Salzburg,
73,Austria,Wien,
74,Azerbaijan,Baku,
75,Azerbaijan,Ganja,
76,Bahamas,Nassau,
77,Bahrain,Manama,53.7
78,Bangladesh,Barisal,
79,Bangladesh,Chittagong,
80,Bangladesh,Comilla,
81,Bangladesh,Dhaka,
82,Bangladesh,Dinajpur,
83,Bangladesh,Jessore,
84,Bangladesh,Khulna,
85,Bangladesh,Mymensingh,
86,Bangladesh,Rajshahi,
87,Bangladesh,Rangpur,
88,Bangladesh,Saidpur,
89,Bangladesh,Tangail,
90,Barbados,Bridgetown,
91,Belarus,Bobruisk,
92,Belarus,Brest,
93,Belarus,Gomel,
94,Belarus,Grodno,
95,Belarus,Lida,
96,Belarus,Minsk,
97,Belarus,Mogilev,
98,Belarus,Pinsk,
99,Belarus,Vitebsk,
100,Belgium,Antwerp,
101,Belgium,Bruges,
102,Belgium,Brussels,59.8
103,Belgium,Charleroi,
104,Belgium,Ghent,
105,Belgium,Liège,
106,Belgium,Namur,
107,Belize,Belmopan,
108,Benin,Cotonou,
109,Benin,Porto-Novo,
110,Benin,Parakou,
111,Bermuda,Hamilton,
112,Bhutan,Thimphu,
113,Bolivia,Cochabamba,
114,Bolivia,El Alto,
115,Bolivia,La Paz,53.5
116,Bolivia,Oruro,
117,Bolivia,Potosí,
118,Bolivia,Sucre,
119,Bolivia,Santa Cruz,
120,Bolivia,Tarija,
121,Bosnia and Herzegovina,Banja Luka,
122,Bosnia and Herzegovina,Doboj,
123,Bosnia and Herzegovina,Mostar,
124,Bosnia and Herzegovina,Prijedor,
125,Bosnia and Herzegovina,Sarajevo,
126,Bosnia and Herzegovina,Tuzla,
127,Bosnia and Herzegovina,Zenica,
128,Botswana,Francistown,
129,Botswana,Gaborone,
130,Brazil,Angra dos Reis,
131,Brazil,Aracaju,
132,Brazil,Araraquara,
133,Brazil,Araçatuba,
134,Brazil,Atibaia,
135,Brazil,Brasilia,
136,Brazil,Bagé,
137,Brazil,Bauru,
138,Brazil,Belo Horizonte,
139,Brazil,Belém,
140,Brazil,Boa Vista,
141,Brazil,Cabo Frio,
142,Brazil,Cabo de Santo Agostinho,
143,Brazil,Campina Grande,
144,Brazil,Campinas,
145,Brazil,Campo Grande,
146,Brazil,Caruaru,
147,Brazil,Cascavel,
148,Brazil,Castanhal,
149,Brazil,Caucaia,
150,Brazil,Chapecó,
151,Brazil,Colombo,
152,Brazil,Cubatao,
153,Brazil,Cuiabá,
154,Brazil,Curitiba,
155,Brazil,Divinópolis,
156,Brazil,Dourados,
157,Brazil,Embu,
158,Brazil,Florianópolis,
159,Brazil,Fortaleza,
160,Brazil,Foz do Iguaçu,
161,Brazil,Franca,
162,Brazil,Garanhuns,
163,Brazil,Goiânia,
164,Brazil,Governador Valadares,
165,Brazil,Guaratinguetá,
166,Brazil,Guarujá,
167,Brazil,Guarulhos,
168,Brazil,Ilhéus,
169,Brazil,Imperatriz,
170,Brazil,Indaiatuba,
171,Brazil,Ipatinga,
172,Brazil,Itu,
173,Brazil,Jaú,
174,Brazil,Joinville,
175,Brazil,Juazeiro,
176,Brazil,Juiz de Fora,
177,Brazil,Jundiaí,
178,Brazil,Londrina,
179,Brazil,Macapá,
180,Brazil,Maceió,
181,Brazil,Manaus,
182,Brazil,Marília,
183,Brazil,Montes Claros,
184,Brazil,Mossoró,
185,Brazil,Natal,
186,Brazil,Niterói,
187,Brazil,Nova Iguaçu,
188,Brazil,Olinda,
189,Brazil,Osasco,
190,Brazil,Palmas,
191,Brazil,Paranaguá,
192,Brazil,Parnamirim,
193,Brazil,Parnaíba,
194,Brazil,Passo Fundo,
195,Brazil,Pelotas,
196,Brazil,Petrolina,
197,Brazil,Petrópolis,
198,Brazil,Pindamonhangaba,
199,Brazil,Piracicaba,
200,Brazil,Porto Alegre,
201,Brazil,Porto Seguro,
202,Brazil,Porto Velho,
203,Brazil,Presidente Prudente,
204,Brazil,Recife,
205,Brazil,Resende,
206,Brazil,Rio Branco,
207,Brazil,Rio Grande,
208,Brazil,Rio de Janeiro,42.9
209,Brazil,Salvador,
210,Brazil,Santa Maria,
211,Brazil,Santarém,
212,Brazil,Santo André,
213,Brazil,Santos,
214,Brazil,Sao Bernardo do Campo,
215,Brazil,Sao Caetano do Sul,
216,Brazil,Sao Paulo,44.8
217,Brazil,Sete Lagoas,
218,Brazil,Sobral,
219,Brazil,Sorocaba,
220,Brazil,Teresina,
221,Brazil,Teresopolis,
222,Brazil,Toledo,
223,Brazil,Uberaba,
224,Brazil,Uberlândia,
225,Brazil,Vila Velha,
226,Brazil,Vitória,
227,Brazil,Volta Redonda,
228,British Virgin Islands,Road Town,
229,Bulgaria,Bourgas,
230,Bulgaria,Pleven,
231,Bulgaria,Plovdiv,
232,Bulgaria,Rousse,
233,Bulgaria,Sofia,72.8
234,Bulgaria,Sliven,
235,Bulgaria,Stara Zagora,
236,Bulgaria,Varna,
237,Burkina Faso,Bobo Dioulasso,
238,Burkina Faso,Ouagadougou,
239,Burundi,Bujumbura,
240,Cambodia,Battambang,
241,Cambodia,Phnom Penh,61.0
242,Cambodia,Siem Reap,62.8
243,Cameroon,Bafoussam,
244,Cameroon,Bamenda,
245,Cameroon,Douala,
246,Cameroon,Garoua,
247,Cameroon,Yaounde,
248,Canada,Abbotsford,
249,Canada,Barrie,
250,Canada,Brantford,
251,Canada,Burlington,
252,Canada,Burnaby,
253,Canada,Calgary,82.6
254,Canada,Cambridge,
255,Canada,Cape Breton,
256,Canada,Chatham-Kent,
257,Canada,Coquitlam,
258,Canada,Edmonton,
259,Canada,Gatineau,
260,Canada,Guelph,
261,Canada,Halifax,
262,Canada,Hamilton,
263,Canada,Kingston,
264,Canada,Kitchener,
265,Canada,Laval,
266,Canada,London,
267,Canada,Longueuil,
268,Canada,Markham,
269,Canada,Mississauga,
270,Canada,Montréal,
271,Canada,Ottawa,
272,Canada,Oakville,
273,Canada,Oshawa,
274,Canada,Quebec City,
275,Canada,Regina,
276,Canada,Richmond,
277,Canada,Richmond Hill,
278,Canada,Saanich,
279,Canada,Saskatoon,
280,Canada,St. Catharines,
281,Canada,Sudbury,
282,Canada,Surrey,
283,Canada,Thunder Bay,
284,Canada,Toronto,81.3
285,Canada,Trois-Rivières,
286,Canada,Vancouver,81.0
287,Canada,Vaughan,
288,Canada,Victoria,
289,Canada,Windsor,
290,Canada,Winnipeg,
291,Cape Verde,Praia,
292,Cayman Islands,George Town,
293,Central African Republic,Bangui,
294,Chad,N'Djamena,
295,Chile,Antofagasta,
296,Chile,Arica,
297,Chile,Calama,
298,Chile,Chillán,
299,Chile,Concepción,
300,Chile,Copiapó,
301,Chile,Iquique,
302,Chile,La Serena,
303,Chile,Osorno,
304,Chile,Puerto Montt,
305,Chile,Punta Arenas,
306,Chile,Rancagua,
307,Chile,Santiago de Chile,70.2
308,Chile,Talca,
309,Chile,Temuco,
310,Chile,Valdivia,
311,Chile,Valparaíso,
312,Chile,Viña del Mar,
313,China,Acheng,
314,China,Aletai,
315,China,Anda,
316,China,Anning,
317,China,Anqing,
318,China,Anshan,
319,China,Anshun,
320,China,Anyang,
321,China,Beijing,59.9
322,China,Baicheng,
323,China,Baise,
324,China,Baishan,
325,China,Baoding,
326,China,Baoji,
327,China,Baotou,
328,China,Beihai,
329,China,Beining,
330,China,Bengbu,
331,China,Benxi,
332,China,Binzhou,
333,China,Cangzhou,
334,China,Changchun,
335,China,Changde,
336,China,Changle,
337,China,Changsha,
338,China,Changshu,
339,China,Changzhi,
340,China,Changzhou,
341,China,Chaoyang,
342,China,Chaozhou,
343,China,Chengde,
344,China,Chengdu,
345,China,Chenzhou,
346,China,Chiayi,
347,China,Chifeng,
348,China,Chishui,
349,China,Chongqing,
350,China,Chuxiong,
351,China,Cixi,
352,China,Conghua,
353,China,Daan,
354,China,Dali,
355,China,Dalian,
356,China,Dandong,
357,China,Danyang,
358,China,Daqing,
359,China,Datong,
360,China,Dezhou,
361,China,Dongguan,
362,China,Dongsheng,
363,China,Dongxing,
364,China,Dongying,
365,China,Dunhuang,
366,China,Enping,
367,China,Enshi,
368,China,Ezhou,
369,China,Fangchenggang,
370,China,Foshan,
371,China,Fuan,
372,China,Fuding,
373,China,Fukang,
374,China,Fuqing,
375,China,Fushun,
376,China,Fuxin,
377,China,Fuzhou,
378,China,Ganzhou,
379,China,Gaoyou,
380,China,Gejiu,
381,China,Guangzhou,58.3
382,China,Guigang,
383,China,Guilin,
384,China,Guiping,
385,China,Guiyang,
386,China,Haerbin,
387,China,Haikou,
388,China,Hami,
389,China,Handan,
390,China,Hangzhou,
391,China,Hanzhong,
392,China,Hechi,
393,China,Hefei,
394,China,Heihe,
395,China,Hengshui,
396,China,Hengyang,
397,China,Heshan,
398,China,Hetian,
399,China,Heze,
400,China,Hezhou,
401,China,Hongjiang,
402,China,Houma,
403,China,Hsinchu,
404,China,Huaihua,
405,China,Huanggang,
406,China,Huangshan,
407,China,Huazhou,
408,China,Huizhou,
409,China,Huludao,
410,China,Huzhou,
411,China,Jinan,
412,China,Jiamusi,
413,China,Jiangmen,
414,China,Jiangshan,
415,China,Jiangyin,
416,China,Jiangyou,
417,China,Jiaxing,
418,China,Jiayuguan,
419,China,Jieyang,
420,China,Jilin,
421,China,Jincheng,
422,China,Jingdezhen,
423,China,Jinggangshan,
424,China,Jinghong,
425,China,Jingmen,
426,China,Jingzhou,
427,China,Jining,
428,China,Jinjiang,
429,China,Jinzhong,
430,China,Jinzhou,
431,China,Jiujiang,
432,China,Jiuquan,
433,China,Jixi,
434,China,Jiyuan,
435,China,Kaifeng,
436,China,Kaili,
437,China,Kaiping,
438,China,Kaohsiung,
439,China,Kashi,
440,China,Keelung,
441,China,Kunming,
442,China,Kunshan,
443,China,Laiwu,
444,China,Laixi,
445,China,Laiyang,
446,China,Langfang,
447,China,Langzhong,
448,China,Lanzhou,
449,China,Leshan,
450,China,Lianyungang,
451,China,Liaocheng,
452,China,Liaoyang,
453,China,Liaoyuan,
454,China,Linfen,
455,China,Linhai,
456,China,Linxia,
457,China,Linyi,
458,China,Lishui,
459,China,Liuzhou,
460,China,Longquan,
461,China,Longyan,
462,China,Lufeng,
463,China,Luoyang,
464,China,Luzhou,
465,China,Manzhouli,
466,China,Maoming,
467,China,Meishan,
468,China,Meizhou,
469,China,Mianyang,
470,China,Mudanjiang,
471,China,Nanchang,
472,China,Nanjing,
473,China,Nanning,
474,China,Nanping,
475,China,Nantong,
476,China,Nanyang,
477,China,Ningbo,
478,China,Ningde,
479,China,Panjin,
480,China,Pingdingshan,
481,China,Pingliang,
482,China,Pingxiang,
483,China,Putian,
484,China,Qingdao,
485,China,Qingtongxia,
486,China,Qingyuan,
487,China,Qingzhou,
488,China,Qinhuangdao,
489,China,Qinzhou,
490,China,Qionghai,
491,China,Quanzhou,
492,China,Qufu,
493,China,Rizhao,
494,China,Ruili,
495,China,Ruzhou,
496,China,Sanmenxia,
497,China,Sanming,
498,China,Sanya,
499,China,Shanghai,60.5
500,China,Shangrao,
501,China,Shantou,
502,China,Shaoguan,
503,China,Shaoxing,
504,China,Shaoyang,
505,China,Shenyang,
506,China,Shenzhen,59.4
507,China,Shihezi,
508,China,Shijiazhuang,
509,China,Shishi,
510,China,Shiyan,
511,China,Shizuishan,
512,China,Shuangyashan,
513,China,Shunde,
514,China,Siping,
515,China,Songyuan,
516,China,Suqian,
517,China,Suzhou,
518,China,Taichung,
519,China,Tainan,
520,China,Taipei,
521,China,Taishan,
522,China,Taiyuan,
523,China,Taizhou,
524,China,Tangshan,
525,China,Tianjin,66.7
526,China,Tianshui,
527,China,Tieling,
528,China,Tongchuan,
529,China,Tonghua,
530,China,Tongren,
531,China,Tumen,
532,China,Urumqi,
533,China,Weifang,
534,China,Weihai,
535,China,Weinan,
536,China,Wenchang,
537,China,Wenzhou,
538,China,Wuchang,
539,China,Wuhai,
540,China,Wuhan,
541,China,Wuhu,
542,China,Wuwei,
543,China,Wuxi,
544,China,Wuyishan,
545,China,Wuzhou,
546,China,Xi'an,
547,China,Xi'ning,
548,China,Xiamen,
549,China,Xiangcheng,
550,China,Xiangfan,
551,China,Xianning,
552,China,Xianyang,
553,China,Xiaogan,
554,China,Xichang,
555,China,Xingping,
556,China,Xingtai,
557,China,Xingyi,
558,China,Xinxiang,
559,China,Xinyu,
560,China,Xuchang,
561,China,Xuzhou,
562,China,Yakeshi,
563,China,Yan'an,
564,China,Yancheng,
565,China,Yangjiang,
566,China,Yangquan,
567,China,Yangzhou,
568,China,Yanji,
569,China,Yantai,
570,China,Yibin,
571,China,Yichang,
572,China,Yichun,
573,China,Yinchuan,
574,China,Yingkou,
575,China,Yiwu,
576,China,Yixing,
577,China,Yizhou,
578,China,Yueyang,
579,China,Yulin,
580,China,Yuncheng,
581,China,Yushu,
582,China,Yuxi,
583,China,Yuyao,
584,China,Yuzhou,
585,China,Zaozhuang,
586,China,Zengcheng,
587,China,Zhangjiagang,
588,China,Zhangjiajie,
589,China,Zhangjiakou,
590,China,Zhangshu,
591,China,Zhangye,
592,China,Zhangzhou,
593,China,Zhanjiang,
594,China,Zhaoqing,
595,China,Zhengzhou,
596,China,Zhenjiang,
597,China,Zhijiang,
598,China,Zhongshan,
599,China,Zhongxiang,
600,China,Zhoukou,
601,China,Zhoushan,
602,China,Zhuanghe,
603,China,Zhucheng,
604,China,Zhuhai,
605,China,Zhuji,
606,China,Zhumadian,
607,China,Zhuozhou,
608,China,Zhuzhou,
609,China,Zibo,
610,China,Zigong,
611,China,Zixing,
612,China,Ziyang,
613,China,Zoucheng,
614,China,Zunyi,
615,Hong Kong,Hong Kong,
616,Macau,Macau,
617,Colombia,Armenia,
618,Colombia,Barranquilla,
619,Colombia,Bucaramanga,
620,Colombia,Buenaventura,
621,Colombia,Buga,
622,Colombia,Cali,
623,Colombia,Cartagena,
624,Colombia,Cartago,
625,Colombia,Cúcuta,
626,Colombia,Florencia,
627,Colombia,Fusagasuga,
628,Colombia,Girón,
629,Colombia,Ibagué,
630,Colombia,Lorica,
631,Colombia,Maicao,
632,Colombia,Manizales,
633,Colombia,Medellín,
634,Colombia,Montería,
635,Colombia,Neiva,
636,Colombia,Pasto,
637,Colombia,Pereira,
638,Colombia,Popayán,
639,Colombia,Santa Fe De Bogota,
640,Colombia,Santa Marta,
641,Colombia,Sogamoso,
642,Colombia,Soledad,
643,Colombia,Tunja,
644,Colombia,Turbo,
645,Colombia,Valledupar,
646,Colombia,Villavicencio,
647,Cook Islands,Rarotonga,
648,Costa Rica,Alajuela,
649,Costa Rica,Cartago,
650,Costa Rica,Heredia,
651,Costa Rica,Puntarenas,
652,Costa Rica,San José,
653,Croatia,Osijek,
654,Croatia,Rijeka,
655,Croatia,Split,
656,Croatia,Zagreb,80.4
657,Cuba,Bayamo,
658,Cuba,Camagüey,
659,Cuba,Ciego de Avila,
660,Cuba,Cienfuegos,
661,Cuba,Holguín,
662,Cuba,Matanzas,
663,Cuba,Sancti Spíritus,
664,Cuba,Santa Clara,
665,Cuba,Santiago de Cuba,
666,Curaçao,Willemstad,
667,Cyprus,Nicosia,
668,Cyprus,Limassol,
669,Czech Republic,Brno,
670,Czech Republic,Olomouc,
671,Czech Republic,Ostrava,
672,Czech Republic,Praha,
673,Czech Republic,Plzen,
674,Côte d'Ivoire,Abidjan,
675,Côte d'Ivoire,Bouake,
676,Côte d'Ivoire,Daloa,
677,Côte d'Ivoire,Korhogo,
678,Côte d'Ivoire,Yamoussoukro,
679,Democratic Republic of the Congo,Bukavu,
680,Democratic Republic of the Congo,Kinshasa,
681,Democratic Republic of the Congo,Kisangani,
682,Democratic Republic of the Congo,Lubumbashi,
683,Denmark,Copenhagen,
684,Denmark,Odense,
685,Denmark,Ålborg,
686,Denmark,Århus,
687,Djibouti,Djibouti,
688,Dominica,Roseau,
689,Dominican Republic,Santo Domingo,
690,Dominican Republic,San Pedro de Macoris,
691,Dominican Republic,Santiago de los Caballeros,
692,Ecuador,Ambato,
693,Ecuador,Cuenca,
694,Ecuador,Esmeraldas,
695,Ecuador,Guayaquil,
696,Ecuador,Ibarra,
697,Ecuador,Loja,
698,Ecuador,Machala,
699,Ecuador,Manta,
700,Ecuador,Quito,52.2
701,Ecuador,Quevedo,
702,Ecuador,Riobamba,
703,Ecuador,Santo Domingo de los Colorados,
704,Egypt,Alexandria,
705,Egypt,Aswan,
706,Egypt,Cairo,40.2
707,Egypt,Giza,
708,Egypt,Port Said,
709,Egypt,Suez,
710,Egypt,Tanta,
711,Egypt,Zagazig,
712,El Salvador,San Salvador,43.2
713,El Salvador,San Martin,
714,El Salvador,San Miguel,
715,El Salvador,Santa Ana,
716,El Salvador,Sonsonate,
717,Equatorial Guinea,Malabo,
718,Eritrea,Asmara,
719,Estonia,Tallinn,
720,Estonia,Tartu,
721,Ethiopia,Addis Ababa,
722,Ethiopia,Bahir Dar,
723,Ethiopia,Dire Dawa,
724,Ethiopia,Gondar,
725,Ethiopia,Harar,
726,Ethiopia,Mekele,
727,Ethiopia,Nazareth,
728,Faroe Islands,Thorshavn,
729,Falkland Islands,Stanley,
730,Fiji,Suva,
731,Finland,Espoo,
732,Finland,Oulu,
733,Finland,Tampere,
734,Finland,Turku,
735,Finland,Vantaa,
736,Finland,Helsinki,86.0
737,France,Aix-en-Provence,
738,France,Amiens,
739,France,Angers,
740,France,Besançon,
741,France,Bordeaux,
742,France,Brest,
743,France,Caen,
744,France,Clermont-Ferrand,
745,France,Dijon,
746,France,Grenoble,
747,France,Le Havre,
748,France,Le Mans,
749,France,Lille,
750,France,Limoges,
751,France,Lyon,68.5
752,France,Marseille,58.6
753,France,Metz,
754,France,Montpellier,
755,France,Mulhouse,
756,France,Nancy,
757,France,Nantes,
758,France,Nice,75.0
759,France,Nîmes,
760,France,Orléans,
761,France,Paris,68.1
762,France,Perpignan,
763,France,Reims,
764,France,Rennes,
765,France,Rouen,
766,France,Saint-Etienne,
767,France,Strasbourg,
768,France,Toulon,
769,France,Toulouse,
770,France,Tours,
771,French Guiana,Cayenne,
772,French Polynesia,Papeete,
773,Gabon,Libreville,
774,Gambia,Banjul,
775,Georgia (country),Batumi,
776,Georgia (country),Kutaisi,
777,Georgia (country),Rustavi,
778,Georgia (country),Sukhumi,
779,Georgia (country),Tbilisi,
780,Germany,Aachen,
781,Germany,Augsburg,
782,Germany,Berlin,77.4
783,Germany,Bergisch Gladbach,
784,Germany,Bielefeld,
785,Germany,Bochum,
786,Germany,Bonn,
787,Germany,Braunschweig,
788,Germany,Bremen,
789,Germany,Bremerhaven,
790,Germany,Chemnitz,
791,Germany,Cottbus,
792,Germany,Darmstadt,
793,Germany,Dortmund,
794,Germany,Dresden,
795,Germany,Duisburg,
796,Germany,Düsseldorf,
797,Germany,Erfurt,
798,Germany,Erlangen,
799,Germany,Essen,
800,Germany,Frankfurt am Main,
801,Germany,Freiburg,
802,Germany,Fürth,
803,Germany,Gelsenkirchen,
804,Germany,Gera,
805,Germany,Göttingen,
806,Germany,Hagen,
807,Germany,Halle,
808,Germany,Hamburg,
809,Germany,Hamm,
810,Germany,Hannover,
811,Germany,Heidelberg,
812,Germany,Heilbronn,
813,Germany,Hildesheim,
814,Germany,Ingolstadt,
815,Germany,Kaiserslautern,
816,Germany,Karlsruhe,
817,Germany,Kassel,
818,Germany,Kiel,
819,Germany,Koblenz,
820,Germany,Krefeld,
821,Germany,Köln,
822,Germany,Leipzig,
823,Germany,Lübeck,
824,Germany,Magdeburg,
825,Germany,Mainz,
826,Germany,Mannheim,
827,Germany,Mönchengladbach,
828,Germany,München,
829,Germany,Münster,
830,Germany,Neuss,
831,Germany,Nuremberg,
832,Germany,Oberhausen,
833,Germany,Offenbach am Main,
834,Germany,Oldenburg,
835,Germany,Osnabrück,
836,Germany,Paderborn,
837,Germany,Pforzheim,
838,Germany,Potsdam,
839,Germany,Regensburg,
840,Germany,Reutlingen,
841,Germany,Rostock,
842,Germany,Saarbrücken,
843,Germany,Salzgitter,
844,Germany,Schwerin,
845,Germany,Siegen,
846,Germany,Solingen,
847,Germany,Stuttgart,
848,Germany,Ulm,
849,Germany,Wiesbaden,
850,Germany,Wolfsburg,
851,Germany,Wuppertal,
852,Germany,Würzburg,
853,Ghana,Accra,
854,Ghana,Kumasi,
855,Ghana,Sekondi-Takoradi,
856,Ghana,Tamale,
857,Gibraltar,Gibraltar,
858,Greece,Athinai,
859,Greece,Heraklion,83.7
860,Greece,Larissa,
861,Greece,Pireas,
862,Greece,Thessaloniki,
863,Greenland,Nuuk,
864,Greenland,Godthåb,
865,Greenland,Godthaab,
866,Grenada,St. George's,
867,Guadeloupe,Basse-Terre,
868,Guadeloupe,Pointe-à-Pitre,
869,Guam,Agana,
870,Guatemala,Guatemala,
871,Guatemala,Quetzaltenango,
872,Guernsey,Saint Peter Port,
873,Guinea,Conakry,
874,Guinea,Kankan,
875,Guinea,Kindia,
876,Guinea,Labé,
877,Guinea-Bissau,Bissau,
878,Guyana,Georgetown,
879,Haiti,Cap-Haïtien,
880,Haiti,Port-Au-Prince,
881,Rome/Vatican,Rome/Vatican,
882,Honduras,La Ceiba,
883,Honduras,San Pedro Sula,
884,Honduras,Tegucigalpa,43.3
885,Hungary,Budapest,77.3
886,Hungary,Debrecen,
887,Hungary,Györ,
888,Hungary,Kecskemét,
889,Hungary,Miskolc,
890,Hungary,Nyiregyhaza,
891,Hungary,Pécs,
892,Hungary,Szeged,
893,Iceland,Reykjavik,89.3
894,India,Adilabad,
895,India,Adoni,
896,India,Agartala,
897,India,Agra,46.5
898,India,Ahmedabad,
899,India,Ahmednagar,
900,India,Aizawl,
901,India,Ajmer,
902,India,Akola,
903,India,Alappuzha,
904,India,Aligarh,
905,India,Allahabad,
906,India,Alwar,
907,India,Ambala,
908,India,Amravati,
909,India,Amritsar,
910,India,Anand,
911,India,Anantapur,
912,India,Arcot,
913,India,Asansol,
914,India,Aurangabad,
915,India,Azamgarh,
916,India,Bahadurgarh,
917,India,Baharampur,
918,India,Ballia,
919,India,Banda,
920,India,Bandhavgarh,
921,India,Bangalore,
922,India,Bankura,
923,India,Bansberia,
924,India,Bareilly,
925,India,Baripada,
926,India,Bathinda,
927,India,Begusarai,
928,India,Belgaum,
929,India,Bellary,
930,India,Bettiah,
931,India,Bhagalpur,
932,India,Bharatpur,
933,India,Bharuch,
934,India,Bhavnagar,
935,India,Bhilwara,
936,India,Bhiwani,
937,India,Bhopal,
938,India,Bhubaneswar,
939,India,Bidar,
940,India,Bihar,
941,India,Bikaner,
942,India,Bilaspur,
943,India,Bokaro Steel City,
944,India,Brahmapur,
945,India,Burhanpur,
946,India,Chandigarh,
947,India,Chandrapur,
948,India,Chennai,50.3
949,India,Cherthala,
950,India,Chikmagalur,
951,India,Chitradurga,
952,India,Chittoor,
953,India,Churu,
954,India,Coimbatore,
955,India,Coonoor,
956,India,Cuddalore,
957,India,Cuddapah,
958,India,Cuttack,
959,India,Damoh,
960,India,Darbhanga,
961,India,Dehradun,
962,India,Delhi,45.0
963,India,Deoghar,
964,India,Dewas,
965,India,Dhanbad,
966,India,Dharmavaram,
967,India,Dhule,
968,India,Dibrugarh,
969,India,Dimapur,
970,India,Dindigul,
971,India,Durg,
972,India,Durgapur,
973,India,Eluru,
974,India,Erode,
975,India,Etawah,
976,India,Faizabad,
977,India,Faridabad,
978,India,Gandhinagar,
979,India,Gaya,
980,India,Ghaziabad,
981,India,Giridih,
982,India,Gorakhpur,
983,India,Gudivada,
984,India,Guntur,
985,India,Gurgaon,
986,India,Guwahati,
987,India,Gwalior,
988,India,Haldia,
989,India,Halisahar,
990,India,Haora,
991,India,Hassan,
992,India,Hazaribag,
993,India,Hindupur,
994,India,Hisar,
995,India,Hospet,
996,India,Hyderabad,
997,India,Imphal,
998,India,Indore,
999,India,Jabalpur,
1000,India,Jagdalpur,
1001,India,Jaipur,53.8
1002,India,Jalandhar,
1003,India,Jalgaon,
1004,India,Jalna,
1005,India,Jalpaiguri,
1006,India,Jammu,
1007,India,Jamnagar,
1008,India,Jamshedpur,
1009,India,Jaunpur,
1010,India,Jhansi,
1011,India,Jind,
1012,India,Jodhpur,
1013,India,Jorhat,
1014,India,Junagadh,
1015,India,Kakinada,
1016,India,Kalyan,
1017,India,Kannur,
1018,India,Kanpur,
1019,India,Karimnagar,
1020,India,Karnal,
1021,India,Karur,
1022,India,Khammam,
1023,India,Kharagpur,
1024,India,Khargone,
1025,India,Kishangarh,
1026,India,Cooch Behar,
1027,India,Kochi,
1028,India,Kolhapur,
1029,India,Kolkata,
1030,India,Kollam,
1031,India,Korba,
1032,India,Kota,
1033,India,Kothagudem,
1034,India,Kottayam,
1035,India,Kozhikode,
1036,India,Kumbakonam,
1037,India,Kurnool,
1038,India,Lucknow,
1039,India,Ludhiana,
1040,India,Machilipatnam,
1041,India,Madurai,
1042,India,Mahesana,
1043,India,Malappuram,
1044,India,Malegaon,
1045,India,Mangalore,
1046,India,Mathura,
1047,India,Meerut,
1048,India,Mira-Bhayandar,
1049,India,Moga,
1050,India,Moradabad,
1051,India,Mumbai,49.8
1052,India,Munger,
1053,India,Muzaffarpur,
1054,India,Mysore,
1055,India,New Delhi,
1056,India,Nabadwip,
1057,India,Nadiad,
1058,India,Nagercoil,
1059,India,Nagpur,
1060,India,Naihati,
1061,India,Nala Sopara,
1062,India,Nalgonda,
1063,India,Nanded,
1064,India,Nandyal,
1065,India,Nashik,
1066,India,Navi Mumbai,
1067,India,Nellore,
1068,India,Neyveli,
1069,India,Nizamabad,
1070,India,Noida,
1071,India,Ongole,
1072,India,Palakkad,
1073,India,Pali,
1074,India,Panipat,
1075,India,Panvel,
1076,India,Patan,
1077,India,Pathankot,
1078,India,Patiala,
1079,India,Patna,
1080,India,Pilibhit,
1081,India,Pollachi,
1082,India,Pondicherry,
1083,India,Porbandar,
1084,India,Port Blair,
1085,India,Pune,
1086,India,Puri,
1087,India,Raipur,
1088,India,Rajahmundry,
1089,India,Rajapalayam,
1090,India,Rajkot,
1091,India,Rampur,
1092,India,Ranaghat,
1093,India,Ranchi,
1094,India,Rewari,
1095,India,Rohtak,
1096,India,Roorkee,
1097,India,Sagar,
1098,India,Salem,
1099,India,Sambalpur,
1100,India,Sasaram,
1101,India,Satara,
1102,India,Satna,
1103,India,Sawai Madhopur,
1104,India,Secunderabad,
1105,India,Shillong,
1106,India,Shimla,
1107,India,Shimoga,
1108,India,Shivapuri,
1109,India,Silchar,
1110,India,Siliguri,
1111,India,Sitapur,
1112,India,Sivakasi,
1113,India,Solapur,
1114,India,Sonipat,
1115,India,Srikakulam,
1116,India,Srinagar,
1117,India,Sultanpur,
1118,India,Surat,
1119,India,Tenali,
1120,India,Thane,
1121,India,Thanjavur,
1122,India,Thiruvananthapuram,
1123,India,Thrissur,
1124,India,Tinsukia,
1125,India,Tirunelveli,
1126,India,Tirupati,
1127,India,Tiruvannamalai,
1128,India,Tonk,
1129,India,Tumkur,
1130,India,Udaipur,
1131,India,Udupi,
1132,India,Ujjain,
1133,India,Unnao,
1134,India,Vadodara,
1135,India,Varanasi,
1136,India,Vasai,
1137,India,Vellore,
1138,India,Veraval,
1139,India,Vijayawada,
1140,India,Visakhapatnam,
1141,India,Warangal,
1142,India,Wardha,
1143,Indonesia,Ambon,
1144,Indonesia,Balikpapan,
1145,Indonesia,Banda Aceh,
1146,Indonesia,Bandar Lampung,
1147,Indonesia,Banjarmasin,
1148,Indonesia,Bandung,
1149,Indonesia,Batam,
1150,Indonesia,Bengkulu,
1151,Indonesia,Bitung,
1152,Indonesia,Blitar,
1153,Indonesia,Bogor,
1154,Indonesia,Cirebon,
1155,Indonesia,Denpasar,60.7
1156,Indonesia,Gorontalo,
1157,Indonesia,Jakarta,54.1
1158,Indonesia,Jambi,
1159,Indonesia,Jayapura,
1160,Indonesia,Kediri,
1161,Indonesia,Madiun,
1162,Indonesia,Magelang,
1163,Indonesia,Makassar,
1164,Indonesia,Malang,
1165,Indonesia,Manado,
1166,Indonesia,Mataram,
1167,Indonesia,Medan,
1168,Indonesia,Padang,
1169,Indonesia,Pekanbaru,
1170,Indonesia,Palangkaraya,
1171,Indonesia,Palembang,
1172,Indonesia,Pangkal Pinang,
1173,Indonesia,Pekalongan,
1174,Indonesia,Pontianak,
1175,Indonesia,Probolinggo,
1176,Indonesia,Salatiga,
1177,Indonesia,Samarinda,
1178,Indonesia,Semarang,
1179,Indonesia,Sukabumi,
1180,Indonesia,Surabaya,
1181,Indonesia,Surakarta,
1182,Indonesia,Tangerang,
1183,Indonesia,Tegal,
1184,Indonesia,Yogyakarta,
1185,Iran,Abadan,
1186,Iran,Arak,
1187,Iran,Ardabil,
1188,Iran,Babol,
1189,Iran,Bandar-e-Abbas,
1190,Iran,Borujerd,
1191,Iran,Bushehr,
1192,Iran,Dezful,
1193,Iran,Isfahan,
1194,Iran,Gorgan,
1195,Iran,Hamadan,
1196,Iran,Ilam,
1197,Iran,Karaj,
1198,Iran,Kashan,
1199,Iran,Kerman,
1200,Iran,Kermanshah,
1201,Iran,Mashhad,
1202,Iran,Najafabad,
1203,Iran,Neyshabur,
1204,Iran,Qazvin,
1205,Iran,Qom,
1206,Iran,Rasht,
1207,Iran,Sanandaj,
1208,Iran,Sari,
1209,Iran,Shiraz,
1210,Iran,Sirjan,
1211,Iran,Tehran,38.2
1212,Iran,Tabriz,
1213,Iran,Varamin,
1214,Iran,Yazd,
1215,Iran,Zahedan,
1216,Iran,Zanjan,
1217,Iraq,Baghdad,
1218,Iraq,Basra,
1219,Iraq,Erbil,
1220,Iraq,Kirkuk,
1221,Iraq,Mosul,
1222,Iraq,Najaf,
1223,Iraq,Sulaimaniya,
1224,Ireland,Cork,
1225,Ireland,Dublin,73.0
1226,Isle of Man,Douglas,
1227,Israel,Ashdod,
1228,Israel,Ashqelon,
1229,Israel,Be'er Sheva,
1230,Israel,Bene Beraq,
1231,Israel,Haifa,
1232,Israel,Jerusalem,59.0
1233,Israel,Netanya,
1234,Israel,Petah Tiqwa,
1235,Israel,Ramat Gan,
1236,Israel,Rishon Leziyyon,
1237,Israel,Tel Aviv-Yafo,
1238,Italy,Ancona,
1239,Italy,Bari,
1240,Italy,Bergamo,
1241,Italy,Bologna,
1242,Italy,Brescia,
1243,Italy,Cagliari,
1244,Italy,Catania,
1245,Italy,Ferrara,
1246,Italy,Firenze,
1247,Italy,Foggia,
1248,Italy,Forli,
1249,Italy,Genova,
1250,Italy,Latina,
1251,Italy,Livorno,
1252,Italy,Messina,
1253,Italy,Milano,
1254,Italy,Modena,
1255,Italy,Monza,
1256,Italy,Napoli,
1257,Italy,Novara,
1258,Italy,Padova,
1259,Italy,Palermo,
1260,Italy,Parma,
1261,Italy,Perugia,
1262,Italy,Pescara,
1263,Italy,Prato,
1264,Italy,Rome,64.2
1265,Italy,Ravenna,
1266,Italy,Reggio di Calabria,
1267,Italy,Reggio nell'Emilia,
1268,Italy,Rimini,
1269,Italy,Salerno,
1270,Italy,Sassari,
1271,Italy,Siracusa,
1272,Italy,Taranto,
1273,Italy,Terni,
1274,Italy,Torino,
1275,Italy,Trento,
1276,Italy,Trieste,
1277,Italy,Venice,75.1
1278,Italy,Verona,
1279,Italy,Vicenza,
1280,Jamaica,Kingston,47.5
1281,Japan,Ageo,
1282,Japan,Akashi,
1283,Japan,Akita,
1284,Japan,Amagasaki,
1285,Japan,Aomori,
1286,Japan,Asahikawa,
1287,Japan,Ashikaga,
1288,Japan,Atsugi,
1289,Japan,Beppu,
1290,Japan,Chiba,
1291,Japan,Chofu,
1292,Japan,Fuchu,
1293,Japan,Fuji,
1294,Japan,Fujieda,
1295,Japan,Fujinomiya,
1296,Japan,Fujisawa,
1297,Japan,Fukui,
1298,Japan,Fukuoka,
1299,Japan,Fukushima,
1300,Japan,Fukuyama,
1301,Japan,Funabashi,
1302,Japan,Gifu,
1303,Japan,Hachinohe,
1304,Japan,Hachioji,
1305,Japan,Hakodate,
1306,Japan,Hamamatsu,
1307,Japan,Higashihiroshima,
1308,Japan,Hikone,
1309,Japan,Himeji,
1310,Japan,Hirakata,
1311,Japan,Hirosaki,
1312,Japan,Hiroshima,
1313,Japan,Hofu,
1314,Japan,Ibaraki,
1315,Japan,Ichikawa,
1316,Japan,Ichinomiya,
1317,Japan,Ikeda,
1318,Japan,Imabari,
1319,Japan,Isesaki,
1320,Japan,Ishinomaki,
1321,Japan,Iwaki,
1322,Japan,Iwakuni,
1323,Japan,Izumi,
1324,Japan,Joetsu,
1325,Japan,Kagoshima,
1326,Japan,Kakogawa,
1327,Japan,Kamakura,
1328,Japan,Kanazawa,
1329,Japan,Kashihara,
1330,Japan,Kashiwa,
1331,Japan,Kawagoe,
1332,Japan,Kawaguchi,
1333,Japan,Kawasaki,
1334,Japan,Kiryu,
1335,Japan,Kisarazu,
1336,Japan,Kitakyushu,
1337,Japan,Kitami,
1338,Japan,Kobe,
1339,Japan,Kochi,
1340,Japan,Kodaira,
1341,Japan,Kofu,
1342,Japan,Koganei,
1343,Japan,Kokubunji,
1344,Japan,Komatsu,
1345,Japan,Koriyama,
1346,Japan,Koshigaya,
1347,Japan,Kumamoto,
1348,Japan,Kurashiki,
1349,Japan,Kure,
1350,Japan,Kurume,
1351,Japan,Kusatsu,
1352,Japan,Kushiro,
1353,Japan,Kuwana,
1354,Japan,Kyoto,82.7
1355,Japan,Machida,
1356,Japan,Maebashi,
1357,Japan,Matsudo,
1358,Japan,Matsue,
1359,Japan,Matsumoto,
1360,Japan,Matsuyama,
1361,Japan,Minoh,
1362,Japan,Misato,
1363,Japan,Mishima,
1364,Japan,Mitaka,
1365,Japan,Mito,
1366,Japan,Miyakonojo,
1367,Japan,Miyazaki,
1368,Japan,Morioka,
1369,Japan,Muroran,
1370,Japan,Musashino,
1371,Japan,Nagano,
1372,Japan,Nagaoka,
1373,Japan,Nagasaki,
1374,Japan,Nagoya,
1375,Japan,Naha,
1376,Japan,Nara,
1377,Japan,Niigata,
1378,Japan,Niihama,
1379,Japan,Nishinomiya,
1380,Japan,Nishitokyo,
1381,Japan,Nobeoka,
1382,Japan,Noda,
1383,Japan,Numazu,
1384,Japan,Obihiro,
1385,Japan,Odawara,
1386,Japan,Ogaki,
1387,Japan,Oita,
1388,Japan,Okayama,
1389,Japan,Okazaki,
1390,Japan,Okinawa,
1391,Japan,Osaka,81.9
1392,Japan,Ota,
1393,Japan,Otaru,
1394,Japan,Otsu,
1395,Japan,Oyama,
1396,Japan,Saga,
1397,Japan,Sagamihara,
1398,Japan,Saitama,
1399,Japan,Sakai,
1400,Japan,Sakata,
1401,Japan,Sapporo,
1402,Japan,Sasebo,
1403,Japan,Sendai,
1404,Japan,Seto,
1405,Japan,Shimizu,
1406,Japan,Shimonoseki,
1407,Japan,Shizuoka,
1408,Japan,Suita,
1409,Japan,Suzuka,
1410,Japan,Tokyo,81.1
1411,Japan,Tachikawa,
1412,Japan,Tajimi,
1413,Japan,Takamatsu,
1414,Japan,Takaoka,
1415,Japan,Takarazuka,
1416,Japan,Takasaki,
1417,Japan,Tama,
1418,Japan,Tokorozawa,
1419,Japan,Tokushima,
1420,Japan,Tokuyama,
1421,Japan,Tomakomai,
1422,Japan,Tottori,
1423,Japan,Toyama,
1424,Japan,Toyohashi,
1425,Japan,Toyonaka,
1426,Japan,Toyota,
1427,Japan,Tsu,
1428,Japan,Tsuchiura,
1429,Japan,Tsukuba,
1430,Japan,Ube,
1431,Japan,Ueda,
1432,Japan,Uji,
1433,Japan,Utsunomiya,
1434,Japan,Wakayama,
1435,Japan,Yamagata,
1436,Japan,Yamaguchi,
1437,Japan,Yatsushiro,
1438,Japan,Yokkaichi,
1439,Japan,Yokohama,
1440,Japan,Yokosuka,
1441,Japan,Yonago,
1442,Jersey,Saint Helier,
1443,Jordan,Amman,54.7
1444,Jordan,Irbid,
1445,Jordan,Zarqa,
1446,Kazakhstan,Astana,
1447,Kazakhstan,Aktau,
1448,Kazakhstan,Aktobe,
1449,Kazakhstan,Almaty,
1450,Kazakhstan,Karaganda,
1451,Kazakhstan,Pavlodar,
1452,Kazakhstan,Shymkent,
1453,Kazakhstan,Taraz,
1454,Kazakhstan,Uralsk,
1455,Kazakhstan,Ust-Kamenogorsk,
1456,Kenya,Eldoret,
1457,Kenya,Kisumu,
1458,Kenya,Meru,
1459,Kenya,Mombasa,
1460,Kenya,Nairobi,41.8
1461,Kenya,Nakuru,
1462,Kiribati,Tarawa,
1463,North Korea,Chongjin,
1464,North Korea,Kaesong,
1465,North Korea,Kanggye,
1466,North Korea,Nampo,
1467,North Korea,Pyongyang,
1468,North Korea,Wonsan,
1469,South Korea,Andong,
1470,South Korea,Asan,
1471,South Korea,Boryeong,
1472,South Korea,Busan,
1473,South Korea,Changwon,
1474,South Korea,Cheonan,
1475,South Korea,Cheongju,
1476,South Korea,Chuncheon,
1477,South Korea,Chungju,
1478,South Korea,Daegu,
1479,South Korea,Daejeon,
1480,South Korea,Gangneung,
1481,South Korea,Geoje,
1482,South Korea,Gimcheon,
1483,South Korea,Gimhae,
1484,South Korea,Gongju,
1485,South Korea,Goyang,
1486,South Korea,Gumi,
1487,South Korea,Gunsan,
1488,South Korea,Gwangju,
1489,South Korea,Gwangmyeong,
1490,South Korea,Gyeongju,
1491,South Korea,Iksan,
1492,South Korea,Incheon,
1493,South Korea,Jeju,
1494,South Korea,Jeongeup,
1495,South Korea,Jeonju,
1496,South Korea,Jinhae,
1497,South Korea,Jinju,
1498,South Korea,Masan,
1499,South Korea,Miryang,
1500,South Korea,Mokpo,
1501,South Korea,Pohang,
1502,South Korea,Seoul,76.6
1503,South Korea,Suwon,
1504,South Korea,Uijeongbu,
1505,South Korea,Ulsan,
1506,South Korea,Wonju,
1507,South Korea,Yeongju,
1508,South Korea,Yeosu,
1509,Kuwait,Kuwait City,
1510,Kuwait,Salmiya,
1511,Kyrgyzstan,Bishkek,
1512,Kyrgyzstan,Osh,
1513,Laos,Vientiane,
1514,Latvia,Daugavpils,
1515,Latvia,Riga,
1516,Lebanon,Beirut,
1517,Lebanon,Tripoli,
1518,Lesotho,Maseru,
1519,Liberia,Monrovia,
1520,Libya,Benghazi,
1521,Libya,Tripoli,
1522,Liechtenstein,Vaduz,
1523,Lithuania,Kaunas,
1524,Lithuania,Klaipeda,
1525,Lithuania,Panevezys,
1526,Lithuania,Siauliai,
1527,Lithuania,Vilnius,
1528,Luxembourg,Luxembourg,
1529,Republic of Macedonia,Bitola,
1530,Republic of Macedonia,Skopje,
1531,Madagascar,Antananarivo,
1532,Madagascar,Antsirabe,
1533,Madagascar,Fianarantsoa,
1534,Madagascar,Mahajanga,
1535,Madagascar,Toamasina,
1536,Malawi,Lilongwe,
1537,Malaysia,Alor Star,
1538,Malaysia,George Town,
1539,Malaysia,Ipoh,
1540,Malaysia,Johor Bahru,
1541,Malaysia,Kota Kinabalu,
1542,Malaysia,Kuala Lumpur,64.2
1543,Malaysia,Kuching,
1544,Malaysia,Klang,
1545,Malaysia,Kota Bharu,
1546,Malaysia,Kuala Terengganu,
1547,Malaysia,Kuantan,
1548,Malaysia,Petaling Jaya,
1549,Malaysia,Sandakan,
1550,Malaysia,Seremban,
1551,Malaysia,Shah Alam,
1552,Malaysia,Sibu,
1553,Malaysia,Taiping,
1554,Maldives,Male,
1555,Mali,Bamako,
1556,Malta,Valletta,
1557,Marshall Islands,Majuro,
1558,Martinique,Fort-de-France,
1559,Mauritania,Nouakchott,
1560,Mauritius,Port Louis,
1561,Mexico,Acapulco,62.5
1562,Mexico,Aguascalientes,
1563,Mexico,Campeche,
1564,Mexico,Celaya,
1565,Mexico,Chetumal,
1566,Mexico,Chihuahua,
1567,Mexico,Chilpancingo,
1568,Mexico,Ciudad Acuña,
1569,Mexico,Ciudad del Carmen,
1570,Mexico,Ciudad Juárez,
1571,Mexico,Ciudad Obregón,
1572,Mexico,Ciudad Victoria,
1573,Mexico,Coatzacoalcos,
1574,Mexico,Colimas,
1575,Mexico,Cuernavaca,
1576,Mexico,Culiacán Rosales,
1577,Mexico,Córdoba,
1578,Mexico,Durango,
1579,Mexico,Ensenada,
1580,Mexico,Guadalajara,54.2
1581,Mexico,Guaymas,
1582,Mexico,Hermosillo,
1583,Mexico,Iguala,
1584,Mexico,Irapuato,
1585,Mexico,La Paz,
1586,Mexico,León,
1587,Mexico,Los Mochis,
1588,Mexico,Matamoros,
1589,Mexico,Mazatlán,
1590,Mexico,Mexicali,
1591,Mexico,Monclova,
1592,Mexico,Monterrey,
1593,Mexico,Morelia,
1594,Mexico,Mérida,
1595,Mexico,Nogales,
1596,Mexico,Nuevo Laredo,
1597,Mexico,Oaxaca de Juárez,
1598,Mexico,Orizaba,
1599,Mexico,Pachuca,
1600,Mexico,Poza Rica de Hidalgo,
1601,Mexico,Puebla de Zaragoza,
1602,Mexico,Puerto Vallarta,
1603,Mexico,Querétaro,
1604,Mexico,Reynosa,
1605,Mexico,Salamanca,
1606,Mexico,Saltillo,
1607,Mexico,San Cristobal de las Casas,
1608,Mexico,San Luis Potosí,
1609,Mexico,San Luis Rio Colorado,
1610,Mexico,Tampico,
1611,Mexico,Tapachula,
1612,Mexico,Tehuacán,
1613,Mexico,Tepic,
1614,Mexico,Tijuana,
1615,Mexico,Toluca,
1616,Mexico,Torreón,
1617,Mexico,Tuxtla Gutiérrez,
1618,Mexico,Uruapan,
1619,Mexico,Veracruz,
1620,Mexico,Villahermosa,
1621,Mexico,Xalapa-Enriquez,
1622,Mexico,Zacatecas,
1623,Mexico,Zamora de Hidalgo,
1624,Federated States of Micronesia,Palikir,
1625,Moldova,Chişinău,
1626,Moldova,Tiraspol,
1627,Monaco,Monaco,
1628,Mongolia,Ulaanbaatar,
1629,Morocco,Agadir,
1630,Morocco,Casablanca,
1631,Morocco,Fez,
1632,Morocco,Marrakech,56.8
1633,Morocco,Nador,
1634,Morocco,Oujda,
1635,Morocco,Rabat,
1636,Mozambique,Beira,
1637,Mozambique,Chimoio,
1638,Mozambique,Maputo,
1639,Mozambique,Matola,
1640,Mozambique,Nampula,
1641,Mozambique,Quelimane,
1642,Myanmar,Bago,
1643,Myanmar,Pathein,
1644,Myanmar,Mandalay,
1645,Myanmar,Monywa,
1646,Myanmar,Mawlamyine,
1647,Myanmar,Sittwe,
1648,Myanmar,Taunggyi,
1649,Myanmar,Yangon,
1650,Namibia,Windhoek,
1651,Nauru,Yaren,
1652,Nepal,Biratnagar,
1653,Nepal,Birgunj,
1654,Nepal,Kathmandu,
1655,Nepal,Pokhara,
1656,Netherlands,Amsterdam,75.1
1657,Netherlands,Almere,
1658,Netherlands,Amersfoort,
1659,Netherlands,Apeldoorn,
1660,Netherlands,Arnhem,
1661,Netherlands,Breda,
1662,Netherlands,Dordrecht,
1663,Netherlands,Ede,
1664,Netherlands,Eindhoven,
1665,Netherlands,Emmen,
1666,Netherlands,Enschede,
1667,Netherlands,Groningen,
1668,Netherlands,Haarlem,
1669,Netherlands,Haarlemmermeer,
1670,Netherlands,Leiden,
1671,Netherlands,Maastricht,
1672,Netherlands,Nijmegen,
1673,Netherlands,Rotterdam,
1674,Netherlands,Tilburg,
1675,Netherlands,The Hague,
1676,Netherlands,Utrecht,
1677,Netherlands,Zaanstad,
1678,Netherlands,Zoetermeer,
1679,Netherlands,Zwolle,
1680,Netherlands,'s-Hertogenbosch,
1681,New Caledonia,Noumea,
1682,New Zealand,Auckland Region,
1683,New Zealand,Auckland,79.4
1684,New Zealand,North Shore,
1685,New Zealand,Waitakere,
1686,New Zealand,Manukau,
1687,New Zealand,Christchurch,
1688,New Zealand,Dunedin,
1689,New Zealand,Hamilton,
1690,New Zealand,Napier,
1691,New Zealand,Hastings,
1692,New Zealand,Tauranga,
1693,New Zealand,Greater Wellington,
1694,New Zealand,Wellington,
1695,New Zealand,Lower Hutt,
1696,Nicaragua,Chinandega,
1697,Nicaragua,Granada,
1698,Nicaragua,Leon,
1699,Nicaragua,Managua,49.6
1700,Nicaragua,Masaya,
1701,Niger,Maradi,
1702,Niger,Niamey,
1703,Niger,Zinder,
1704,Nigeria,Abuja,
1705,Nigeria,Bauchi,
1706,Nigeria,Benin City,
1707,Nigeria,Calabar,
1708,Nigeria,Ede,
1709,Nigeria,Enugu,
1710,Nigeria,Ibadan,
1711,Nigeria,Ise,
1712,Nigeria,Jos,
1713,Nigeria,Kaduna,
1714,Nigeria,Kano,
1715,Nigeria,Lagos,
1716,Nigeria,Maiduguri,
1717,Nigeria,Ogbomosho,
1718,Nigeria,Owerri,
1719,Nigeria,Port Harcourt,
1720,Nigeria,Warri,
1721,Niue,Alofi,
1722,Norfolk Island,Kingston,
1723,Northern Mariana Islands,Garapan,
1724,Norway,Bergen,
1725,Norway,Oslo,79.7
1726,Norway,Stavanger,
1727,Norway,Trondheim,
1728,Palestinian Territories,Gaza City,
1729,Palestinian Territories,Hebron,
1730,Palestinian Territories,Nablus,
1731,Oman,Muscat,
1732,Oman,Salalah,
1733,Pakistan,Bahawalpur,
1734,Pakistan,Daska,
1735,Pakistan,Dera Ghazi Khan,
1736,Pakistan,Faisalabad,
1737,Pakistan,Gujranwala,
1738,Pakistan,Gujrat,
1739,Pakistan,Hyderabad,
1740,Pakistan,Islamabad,
1741,Pakistan,Jhelum,
1742,Pakistan,Karachi,
1743,Pakistan,Khanewal,
1744,Pakistan,Lahore,
1745,Pakistan,Mirpur Khas,
1746,Pakistan,Multan,
1747,Pakistan,Nawabshah,
1748,Pakistan,Peshawar,
1749,Pakistan,Quetta,
1750,Pakistan,Rahimyar Khan,
1751,Pakistan,Rawalpindi,
1752,Pakistan,Sahiwal,
1753,Pakistan,Sargodha,
1754,Pakistan,Sukkur,
1755,Palau,Koror,
1756,Panama,Panama,
1757,Panama,San Miguelito,
1758,Papua New Guinea,Port Moresby,
1759,Paraguay,Asuncion,
1760,Paraguay,Ciudad del Este,
1761,Peru,Arequipa,
1762,Peru,Ayacucho,
1763,Peru,Cajamarca,
1764,Peru,Chiclayo,
1765,Peru,Chimbote,
1766,Peru,Cuzco,
1767,Peru,Huancayo,
1768,Peru,Ica,
1769,Peru,Iquitos,
1770,Peru,Juliaca,
1771,Peru,Lima,53.0
1772,Peru,Piura,
1773,Peru,Pucallpa,
1774,Peru,Tacna,
1775,Peru,Trujillo,
1776,Philippines,Angeles,
1777,Philippines,Bacolod,
1778,Philippines,Baguio,
1779,Philippines,Batangas,
1780,Philippines,Butuan,
1781,Philippines,Cagayan de Oro,
1782,Philippines,Cebu,
1783,Philippines,Cotabato,
1784,Philippines,Davao,
1785,Philippines,Dumaguete,
1786,Philippines,General Santos,
1787,Philippines,Iligan,
1788,Philippines,Iloilo,
1789,Philippines,Kidapawan,
1790,Philippines,Manila,
1791,Philippines,Makati,
1792,Philippines,Mandaluyong,
1793,Philippines,Mandaue,
1794,Philippines,Marikina,
1795,Philippines,Muntinlupa,
1796,Philippines,Pagadian,
1797,Philippines,Pasay,
1798,Philippines,Pasig,
1799,Philippines,Puerto Princesa,
1800,Philippines,Quezon City,
1801,Philippines,Roxas,
1802,Philippines,Surigao,
1803,Philippines,Taguig,
1804,Philippines,Tarlac,
1805,Philippines,Valenzuela,
1806,Philippines,Zamboanga,
1807,Poland,Bialystok,
1808,Poland,Bielsko-Biala,
1809,Poland,Bydgoszcz,
1810,Poland,Czestochowa,
1811,Poland,Elblag,
1812,Poland,Gdansk,
1813,Poland,Gdynia,
1814,Poland,Gliwice,
1815,Poland,Gorzów Wielkopolski,
1816,Poland,Kalisz,
1817,Poland,Katowice,
1818,Poland,Kielce,
1819,Poland,Koszalin,
1820,Poland,Kraków,
1821,Poland,Legnica,
1822,Poland,Lublin,
1823,Poland,Łódź,
1824,Poland,Olsztyn,
1825,Poland,Opole,
1826,Poland,Plock,
1827,Poland,Poznan,
1828,Poland,Radom,
1829,Poland,Rzeszów,
1830,Poland,Sosnowiec,
1831,Poland,Szczecin,
1832,Poland,Tarnów,
1833,Poland,Torun,
1834,Poland,Tychy,
1835,Poland,Warszawa,
1836,Poland,Wroclaw,
1837,Poland,Zielona Góra,
1838,Portugal,Lisboa,
1839,Portugal,Porto,
1840,Puerto Rico,Arecibo,
1841,Puerto Rico,Bayamón,
1842,Puerto Rico,Caguas,
1843,Puerto Rico,Carolina,
1844,Puerto Rico,Ponce,
1845,Puerto Rico,San Juan,43.6
1846,Qatar,Doha,
1847,Republic of the Congo,Brazzaville,
1848,Republic of the Congo,Pointe-Noire,
1849,Romania,Arad,
1850,Romania,Bucharest,
1851,Romania,Bacau,
1852,Romania,Baia Mare,
1853,Romania,Botosani,
1854,Romania,Braila,
1855,Romania,Brasov,
1856,Romania,Buzau,
1857,Romania,Cluj-Napoca,
1858,Romania,Constanta,
1859,Romania,Craiova,
1860,Romania,Drobeta Turnu-Severin,
1861,Romania,Focsani,
1862,Romania,Galati,
1863,Romania,Iasi,
1864,Romania,Oradea,
1865,Romania,Piatra Neamt,
1866,Romania,Pitesti,
1867,Romania,Ploiesti,
1868,Romania,Ramnicu Valcea,
1869,Romania,Satu-Mare,
1870,Romania,Sibiu,
1871,Romania,Suceava,
1872,Romania,Timisoara,
1873,Romania,Targu-Mures,
1874,Russia,Abakan,
1875,Russia,Achinsk,
1876,Russia,Almetievsk,
1877,Russia,Angarsk,
1878,Russia,Arkhangelsk,
1879,Russia,Armavir,
1880,Russia,Arzamas,
1881,Russia,Astrakhan,
1882,Russia,Balakovo,
1883,Russia,Balashikha,
1884,Russia,Barnaul,
1885,Russia,Belgorod,
1886,Russia,Biysk,
1887,Russia,Blagoveshchensk,
1888,Russia,Amur Oblast,
1889,Russia,Bratsk,
1890,Russia,Cheboksary,
1891,Russia,Chelyabinsk,
1892,Russia,Cherepovets,
1893,Russia,Cherkessk,
1894,Russia,Chita,
1895,Russia,Dzerzhinsk,
1896,Russia,Novgorod Oblast,
1897,Russia,Elista,
1898,Russia,Engels,
1899,Russia,Irkutsk,
1900,Russia,Ivanovo,
1901,Russia,Izhevsk,
1902,Russia,Kaliningrad,
1903,Russia,Kaliningrad Oblast,
1904,Russia,Kansk,
1905,Russia,Kazan,66.2
1906,Russia,Kemerovo,
1907,Russia,Khabarovsk,
1908,Russia,Khimki,
1909,Russia,Kirov,
1910,Russia,Kirov Oblast,
1911,Russia,Kolomna,
1912,Russia,Komsomolsk-na-Amure,
1913,Russia,Kostroma,
1914,Russia,Krasnodar,
1915,Russia,Krasnoyarsk,
1916,Russia,Kursk,
1917,Russia,Lipetsk,
1918,Russia,Moscow,50.5
1919,Russia,Magadan,
1920,Russia,Magnitogorsk,
1921,Russia,Makhachkala,
1922,Russia,Murmansk,
1923,Russia,Mytishchi,
1924,Russia,Nakhodka,
1925,Russia,Nalchik,
1926,Russia,Nizhny Novgorod,
1927,Russia,Nizhny Tagil,
1928,Russia,Norilsk,
1929,Russia,Novgorod,
1930,Russia,Novocheboksarsk,
1931,Russia,Novocherkassk,
1932,Russia,Novokuznetsk,
1933,Russia,Novomoskovsk,
1934,Russia,Novosibirsk,
1935,Russia,Odintsovo,
1936,Russia,Omsk,
1937,Russia,Oryol,
1938,Russia,Orenburg,
1939,Russia,Penza,
1940,Russia,Perm,
1941,Russia,Petropavlovsk-Kamchatsky,
1942,Russia,Petrozavodsk,
1943,Russia,Podolsk,
1944,Russia,Pskov,
1945,Russia,Rostov-on-Don,
1946,Russia,Ryazan,
1947,Russia,Samara,
1948,Russia,Samara Oblast,
1949,Russia,Saransk,
1950,Russia,Saratov,
1951,Russia,Sergiev Posad,
1952,Russia,Serpukhov,
1953,Russia,Severodvinsk,
1954,Russia,Seversk,
1955,Russia,Smolensk,
1956,Russia,Sochi,65.7
1957,Russia,Saint Petersburg,
1958,Russia,Stavropol,
1959,Russia,Surgut,
1960,Russia,Syktyvkar,
1961,Russia,Taganrog,
1962,Russia,Tambov,
1963,Russia,Tolyatti,
1964,Russia,Tomsk,
1965,Russia,Tula,
1966,Russia,Tver,
1967,Russia,Tyumen,
1968,Russia,Ufa,
1969,Russia,Ulan Ude,
1970,Russia,Ulyanovsk,
1971,Russia,Ussuriysk,
1972,Russia,Vladikavkaz,
1973,Russia,North Ossetia,
1974,Russia,Vladimir,
1975,Russia,Vladivostok,
1976,Russia,Volgograd,
1977,Russia,Vologda,
1978,Russia,Voronezh,
1979,Russia,Yakutsk,
1980,Russia,Yaroslavl,
1981,Russia,Yekaterinburg,
1982,Russia,Yoshkar-Ola,
1983,Russia,Yuzhno-Sakhalinsk,
1984,Russia,Zlatoust,
1985,Rwanda,Kigali,
1986,Réunion,Saint-Denis,
1987,Saint Helena (island),Jamestown,
1988,Saint Kitts and Nevis,Basseterre,
1989,Saint Lucia,Castries,
1990,Saint Pierre and Miquelon,Saint-Pierre,
1991,Saint Vincent and the Grenadines,Kingstown,
1992,Samoa,Apia,
1993,San Marino,San Marino,
1994,Sao Tome and Principe,Sao Tome,
1995,Saudi Arabia,Abha,
1996,Saudi Arabia,Buraydah,
1997,Saudi Arabia,Ha'il,
1998,Saudi Arabia,Jeddah,
1999,Saudi Arabia,Khamis Mushayt,
2000,Saudi Arabia,Makkah,
2001,Saudi Arabia,Riyadh,52.2
2002,Senegal,Dakar,
2003,Senegal,Kaolack,
2004,Senegal,Mbour,
2005,Senegal,Saint Louis,
2006,Senegal,Thiès,
2007,Senegal,Ziguinchor,
2008,Serbia,Belgrade,72.7
2009,Serbia,Kragujevac,
2010,Serbia,Nis,
2011,Serbia,Novi Sad,
2012,Seychelles,Victoria,
2013,Sierra Leone,Freetown,
2014,Singapore,Singapore,
2015,Slovakia,Bratislava,
2016,Slovakia,Kosice,
2017,Slovenia,Ljubljana,
2018,Slovenia,Maribor,
2019,Solomon Islands,Honiara,
2020,Somalia,Mogadishu,
2021,South Africa,Benoni,
2022,South Africa,Bloemfontein,
2023,South Africa,Cape Town,42.7
2024,South Africa,Durban,40.0
2025,South Africa,Johannesburg,39.9
2026,South Africa,Kempton Park,
2027,South Africa,Kimberley,
2028,South Africa,Pretoria,
2029,South Africa,Pietermaritzburg,
2030,South Africa,Port Elizabeth,
2031,South Africa,Soweto,
2032,South Africa,Vereeniging,
2033,Spain,Albacete,
2034,Spain,Alcalá de Henares,
2035,Spain,Algeciras,
2036,Spain,Alicante,
2037,Spain,Almería,
2038,Spain,Badajoz,
2039,Spain,Barcelona,66.9
2040,Spain,Bilbao,
2041,Spain,Burgos,
2042,Spain,Cartagena,
2043,Spain,Castellón,
2044,Spain,Cádiz,
2045,Spain,Cordoba,
2046,Spain,San Sebastian,
2047,Spain,Elche,
2048,Spain,Getafe,
2049,Spain,Gijón,
2050,Spain,Granada,
2051,Spain,Hospitalet de Llobregat,
2052,Spain,Huelva,
2053,Spain,La Coruña,
2054,Spain,Las Palmas,
2055,Spain,León,
2056,Spain,Lleida,
2057,Spain,Logroño,
2058,Spain,Madrid,68.2
2059,Spain,Marbella,
2060,Spain,Mataró,
2061,Spain,Murcia,
2062,Spain,Malaga,
2063,Spain,Ourense,
2064,Spain,Oviedo,
2065,Spain,Palma de Mallorca,
2066,Spain,Pamplona,
2067,Spain,Sabadell,
2068,Spain,Salamanca,
2069,Spain,Santa Cruz de Tenerife,
2070,Spain,Santander,
2071,Spain,Sevilla,
2072,Spain,Tarragona,
2073,Spain,Valencia,
2074,Spain,Valladolid,
2075,Spain,Vigo,
2076,Spain,Vitoria-Gasteiz,
2077,Spain,Zaragoza,
2078,Sri Lanka,Colombo,
2079,Sri Lanka,Jaffna,
2080,Sri Lanka,Kandy,
2081,Sudan,Juba,
2082,Sudan,Khartoum,
2083,Sudan,Kassala,
2084,Sudan,Kosti,
2085,Sudan,Nyala,
2086,Sudan,Port Sudan,
2087,Suriname,Paramaribo,
2088,Swaziland,Mbabane,
2089,Sweden,Gothenburg,
2090,Sweden,Helsingborg,
2091,Sweden,Jönköping,
2092,Sweden,Linköping,
2093,Sweden,Malmö,
2094,Sweden,Norrköping,
2095,Sweden,Orebro,
2096,Sweden,Stockholm,77.7
2097,Sweden,Umeå,
2098,Sweden,Uppsala,
2099,Sweden,Västerås,
2100,Switzerland,Berne,
2101,Switzerland,Baden,
2102,Switzerland,Bâle,
2103,Switzerland,Genève,
2104,Switzerland,Lausanne,
2105,Switzerland,Lugano,
2106,Switzerland,Lucerne,
2107,Switzerland,St. Gallen,
2108,Switzerland,Winterthur,
2109,Switzerland,Zürich,
2110,Syria,Aleppo,
2111,Syria,Damascus,
2112,Syria,Deir El-Zor,
2113,Syria,Hama,
2114,Syria,Homs,
2115,Syria,Lattakia,
2116,Taiwan,Chiayi,
2117,Taiwan,Chupei,
2118,Taiwan,Hsinchu,
2119,Taiwan,Hsintien,
2120,Taiwan,Kaohsiung,
2121,Taiwan,Keelung,
2122,Taiwan,Longtan,
2123,Taiwan,Nantou,
2124,Taiwan,Pingtung,
2125,Taiwan,Taichung,
2126,Taiwan,Tainan,
2127,Taiwan,Taipei,61.3
2128,Taiwan,Taiping,
2129,Taiwan,Taitung,
2130,Taiwan,Tamshui,
2131,Taiwan,Taoyuan,
2132,Taiwan,Yungho,
2133,Tajikistan,Dushanbe,
2134,Tanzania,Arusha,
2135,Tanzania,Dodoma,
2136,Tanzania,Dar es Salaam,
2137,Tanzania,Mbeya,
2138,Tanzania,Morogoro,
2139,Tanzania,Mwanza,
2140,Tanzania,Tanga,
2141,Tanzania,Zanzibar,
2142,Thailand,Ayutthaya,
2143,Thailand,Bangkok,49.4
2144,Thailand,Buriram,
2145,Thailand,Chachoengsao,
2146,Thailand,Chaiyaphum,
2147,Thailand,Chanthaburi,
2148,Thailand,Chiang Mai,
2149,Thailand,Chiang Rai,
2150,Thailand,Chonburi,
2151,Thailand,Kalasin,
2152,Thailand,Kanchanaburi,
2153,Thailand,Khon Kaen,
2154,Thailand,Lampang,
2155,Thailand,Lamphun,
2156,Thailand,Loei,
2157,Thailand,Lopburi,
2158,Thailand,Maha Sarakham,
2159,Thailand,Nakhon Pathom,
2160,Thailand,Nakhon Ratchasima,
2161,Thailand,Nakhon Sawan,
2162,Thailand,Nakhon Si Thammarat,
2163,Thailand,Narathiwat,
2164,Thailand,Nong Bua Lamphu,
2165,Thailand,Nong Khai,
2166,Thailand,Nonthaburi,
2167,Thailand,Pathum Thani,
2168,Thailand,Pattani,
2169,Thailand,Phayao,
2170,Thailand,Phetchabun,
2171,Thailand,Phetchaburi,
2172,Thailand,Phichit,
2173,Thailand,Phitsanulok,
2174,Thailand,Phrae,
2175,Thailand,Prachuap Khiri Khan,
2176,Thailand,Ratchaburi,
2177,Thailand,Rayong,
2178,Thailand,Roi Et,
2179,Thailand,Sakon Nakhon,
2180,Thailand,Samut Prakan,
2181,Thailand,Samut Sakhon,
2182,Thailand,Saraburi,
2183,Thailand,Si Saket,
2184,Thailand,Songkhla,
2185,Thailand,Sukhothai,
2186,Thailand,Suphanburi,
2187,Thailand,Surat Thani,
2188,Thailand,Surin,
2189,Thailand,Trang,
2190,Thailand,Ubon Ratchathani,
2191,Thailand,Udon Thani,
2192,Thailand,Yala,
2193,Timor-Leste,Dili,
2194,Togo,Lomé,
2195,Tonga,Nuku'Alofa,
2196,Trinidad and Tobago,Port of Spain,
2197,Tunisia,Bizerte,
2198,Tunisia,Gabes,
2199,Tunisia,Kairouan,
2200,Tunisia,Sfax,
2201,Tunisia,Tunis,
2202,Turkey,Ankara,
2203,Turkey,Adana,
2204,Turkey,Adiyaman,
2205,Turkey,Afyon,
2206,Turkey,Aksaray,
2207,Turkey,Antalya,74.2
2208,Turkey,Balikesir,
2209,Turkey,Bandirma,
2210,Turkey,Bursa,
2211,Turkey,Corlu,
2212,Turkey,Diyarbakir,
2213,Turkey,Erzincan,
2214,Turkey,Erzurum,
2215,Turkey,Eskişehir,
2216,Turkey,Gaziantep,
2217,Turkey,Hatay,
2218,Turkey,Inegol,
2219,Turkey,Iskenderun,
2220,Turkey,Istanbul,58.0
2221,Turkey,Izmir,
2222,Turkey,Kahramanmaras,
2223,Turkey,Kayseri,
2224,Turkey,Kocaeli,
2225,Turkey,Konya,
2226,Turkey,Kutahya,
2227,Turkey,Malatya,
2228,Turkey,Manisa,
2229,Turkey,Mersin,
2230,Turkey,Ordu,
2231,Turkey,Samsun,
2232,Turkey,Sanliurfa,
2233,Turkey,Siirt,
2234,Turkey,Sivas,
2235,Turkey,Tarsus,
2236,Turkey,Tekirdağ,
2237,Turkey,Tokat,
2238,Turkey,Trabzon,
2239,Turkey,Van,
2240,Turkey,Zonguldak,
2241,Turkmenistan,Ashkhabad,
2242,Turks and Caicos Islands,Grand Turk,
2243,Tuvalu,Funafuti,
2244,Uganda,Gulu,
2245,Uganda,Kampala,
2246,Ukraine,Chernihiv,
2247,Ukraine,Dnipropetrovsk,
2248,Ukraine,Donetsk,
2249,Ukraine,Ivano-Frankivsk,
2250,Ukraine,Kyiv,
2251,Ukraine,Kerch,
2252,Ukraine,Kharkiv,
2253,Ukraine,Kherson,
2254,Ukraine,Lviv,
2255,Ukraine,Mykolayiv,
2256,Ukraine,Odessa,
2257,Ukraine,Poltava,
2258,Ukraine,Rivne,
2259,Ukraine,Sevastopol,
2260,Ukraine,Sumy,
2261,Ukraine,Ternopil,
2262,Ukraine,Uzhhorod,
2263,United Arab Emirates,Abu Dhabi,81.6
2264,United Arab Emirates,Ajman,
2265,United Arab Emirates,Dubai,79.9
2266,United Kingdom,Aberdeen,
2267,United Kingdom,Aylesbury,
2268,United Kingdom,Barnsley,
2269,United Kingdom,Basildon,
2270,United Kingdom,Basingstoke,
2271,United Kingdom,Bath,
2272,United Kingdom,Bedford,
2273,United Kingdom,Belfast,
2274,United Kingdom,Birmingham,
2275,United Kingdom,Blackburn,
2276,United Kingdom,Blackpool,
2277,United Kingdom,Bolton,
2278,United Kingdom,Bournemouth,
2279,United Kingdom,Bradford,
2280,United Kingdom,Braintree,
2281,United Kingdom,Bridgend,
2282,United Kingdom,Brighton,
2283,United Kingdom,Bristol,
2284,United Kingdom,Bury,
2285,United Kingdom,Caerphilly,
2286,United Kingdom,Cambridge,
2287,United Kingdom,Canterbury,
2288,United Kingdom,Cardiff,
2289,United Kingdom,Carlisle,
2290,United Kingdom,Chelmsford,
2291,United Kingdom,Cheltenham,
2292,United Kingdom,Chester,
2293,United Kingdom,Chesterfield,
2294,United Kingdom,Chichester,
2295,United Kingdom,Colchester,
2296,United Kingdom,Coventry,
2297,United Kingdom,Crewe,
2298,United Kingdom,Darlington,
2299,United Kingdom,Derby,
2300,United Kingdom,Derry,
2301,United Kingdom,Doncaster,
2302,United Kingdom,Dover,
2303,United Kingdom,Dudley,
2304,United Kingdom,Dundee,
2305,United Kingdom,Eastleigh,
2306,United Kingdom,Edinburgh,
2307,United Kingdom,Exeter,
2308,United Kingdom,Falkirk,
2309,United Kingdom,Gateshead,
2310,United Kingdom,Glasgow,
2311,United Kingdom,Gloucester,
2312,United Kingdom,Guildford,
2313,United Kingdom,Harrogate,
2314,United Kingdom,Horsham,
2315,United Kingdom,Ipswich,
2316,United Kingdom,Kings Lynn,
2317,United Kingdom,Kingston upon Hull,
2318,United Kingdom,London,68.4
2319,United Kingdom,Lancaster,
2320,United Kingdom,Leeds,
2321,United Kingdom,Leicester,
2322,United Kingdom,Lisburn,
2323,United Kingdom,Liverpool,
2324,United Kingdom,Luton,
2325,United Kingdom,Macclesfield,
2326,United Kingdom,Maidstone,
2327,United Kingdom,Manchester,
2328,United Kingdom,Mansfield,
2329,United Kingdom,Milton Keynes,
2330,United Kingdom,Neath,
2331,United Kingdom,Newark,
2332,United Kingdom,Newbury,
2333,United Kingdom,Newcastle-under-Lyme,
2334,United Kingdom,Newcastle upon Tyne,
2335,United Kingdom,Newport,
2336,United Kingdom,Northampton,
2337,United Kingdom,Norwich,
2338,United Kingdom,Nottingham,
2339,United Kingdom,Nuneaton,
2340,United Kingdom,Oldham,
2341,United Kingdom,Oxford,
2342,United Kingdom,Peterborough,
2343,United Kingdom,Plymouth,
2344,United Kingdom,Poole,
2345,United Kingdom,Portsmouth,
2346,United Kingdom,Port Talbot,
2347,United Kingdom,Preston,
2348,United Kingdom,Reading,
2349,United Kingdom,Reigate,
2350,United Kingdom,Rochdale,
2351,United Kingdom,Rochester,
2352,United Kingdom,Rotherham,
2353,United Kingdom,Salford,
2354,United Kingdom,Salisbury,
2355,United Kingdom,Scarborough,
2356,United Kingdom,Sevenoaks,
2357,United Kingdom,Sheffield,
2358,United Kingdom,Slough,
2359,United Kingdom,Solihull,
2360,United Kingdom,Southampton,
2361,United Kingdom,Southend-on-Sea,
2362,United Kingdom,London/Southwark-Lewisham,
2363,United Kingdom,St Albans,
2364,United Kingdom,St Helens,
2365,United Kingdom,Stafford,
2366,United Kingdom,Stockport,
2367,United Kingdom,Stockton-on-Tees,
2368,United Kingdom,Stoke-on-Trent,
2369,United Kingdom,Stratford-upon-Avon,
2370,United Kingdom,Stroud,
2371,United Kingdom,Sunderland,
2372,United Kingdom,Swansea,
2373,United Kingdom,Tonbridge,
2374,United Kingdom,Torbay,
2375,United Kingdom,Trafford,
2376,United Kingdom,Tunbridge Wells,
2377,United Kingdom,Wakefield,
2378,United Kingdom,Walsall,
2379,United Kingdom,Warrington,
2380,United Kingdom,Warwick,
2381,United Kingdom,London/Westminster,
2382,United Kingdom,Wigan,
2383,United Kingdom,Winchester,
2384,United Kingdom,Wokingham,
2385,United Kingdom,Wolverhampton,
2386,United Kingdom,York,
2387,United States,Abilene,
2388,United States,Akron,
2389,United States,Albuquerque,
2390,United States,Alexandria,
2391,United States,Allentown,
2392,United States,Amarillo,
2393,United States,Anaheim,
2394,United States,Anchorage,
2395,United States,Ann Arbor,
2396,United States,Arlington,
2397,United States,Arvada,
2398,United States,Athens,
2399,United States,Atlanta,
2400,United States,Augusta-Richmond,
2401,United States,Aurora,
2402,United States,Austin,
2403,United States,Bakersfield,
2404,United States,Baltimore,
2405,United States,Baton Rouge,
2406,United States,Beaumont,
2407,United States,Bellevue,
2408,United States,Berkeley,
2409,United States,Birmingham,
2410,United States,Boise City,
2411,United States,Boston,
2412,United States,Bridgeport,
2413,United States,Broken Arrow,
2414,United States,Brownsville,
2415,United States,Buffalo,
2416,United States,Burbank,
2417,United States,Carson City,
2418,United States,Cambridge,
2419,United States,Cape Coral,
2420,United States,Carrollton,
2421,United States,Cedar Rapids,
2422,United States,Chandler,
2423,United States,Charlotte,
2424,United States,Chattanooga,
2425,United States,Chesapeake,
2426,United States,Chicago,
2427,United States,Chula Vista,
2428,United States,Cincinnati,
2429,United States,Clarksville,
2430,United States,Clearwater,
2431,United States,Cleveland,
2432,United States,Colorado Springs,
2433,United States,Columbia,
2434,United States,Columbus,
2435,United States,Concord,
2436,United States,Coral Springs,
2437,United States,Corona,
2438,United States,Corpus Christi,
2439,United States,Costa Mesa,
2440,United States,Dallas,
2441,United States,Daly City,
2442,United States,Dayton,
2443,United States,Denver,
2444,United States,Des Moines,
2445,United States,Detroit,
2446,United States,Downey,
2447,United States,Durham,
2448,United States,El Monte,
2449,United States,El Paso,
2450,United States,Elizabeth,
2451,United States,Erie,
2452,United States,Escondido,
2453,United States,Eugene,
2454,United States,Evansville,
2455,United States,Fayetteville,
2456,United States,Flint,
2457,United States,Fontana,
2458,United States,Fort Collins,
2459,United States,Fort Lauderdale,
2460,United States,Fort Wayne,
2461,United States,Fort Worth,
2462,United States,Fremont,
2463,United States,Fresno,
2464,United States,Fullerton,
2465,United States,Garden Grove,
2466,United States,Garland,
2467,United States,Gary,
2468,United States,Gilbert,
2469,United States,Glendale,
2470,United States,Grand Prairie,
2471,United States,Grand Rapids,
2472,United States,Green Bay,
2473,United States,Greensboro,
2474,United States,Hampton,
2475,United States,Hartford,
2476,United States,Hayward,
2477,United States,Henderson,
2478,United States,Hialeah,
2479,United States,Hollywood,
2480,United States,Honolulu,
2481,United States,Houston,
2482,United States,Huntington Beach,
2483,United States,Huntsville,
2484,United States,Independence,
2485,United States,Indianapolis,
2486,United States,Inglewood,
2487,United States,Irvine,
2488,United States,Irving,
2489,United States,Jackson,
2490,United States,Jacksonville,
2491,United States,Jersey City,
2492,United States,Joliet,
2493,United States,Kansas City,
2494,United States,Knoxville,
2495,United States,Lafayette,
2496,United States,Lakewood,
2497,United States,Lancaster,
2498,United States,Lansing,
2499,United States,Laredo,
2500,United States,Las Vegas,
2501,United States,Lexington-Fayette,
2502,United States,Lincoln,
2503,United States,Little Rock,
2504,United States,Livonia,
2505,United States,Long Beach,
2506,United States,Los Angeles,
2507,United States,Louisville,
2508,United States,Lowell,
2509,United States,Lubbock,
2510,United States,Madison,
2511,United States,Manchester,
2512,United States,McAllen,
2513,United States,Memphis,
2514,United States,Mesa,
2515,United States,Mesquite,
2516,United States,Miami,
2517,United States,Milwaukee,
2518,United States,Minneapolis,
2519,United States,Mobile,
2520,United States,Modesto,
2521,United States,Montgomery,
2522,United States,Moreno Valley,
2523,United States,Naperville,
2524,United States,Nashville,
2525,United States,New Haven,
2526,United States,New Orleans,
2527,United States,New York City,
2528,United States,Newark,
2529,United States,Newport News,
2530,United States,Norfolk,
2531,United States,North Las Vegas,
2532,United States,Norwalk,
2533,United States,Oakland,
2534,United States,Oceanside,
2535,United States,Oklahoma City,
2536,United States,Omaha,
2537,United States,Ontario,
2538,United States,Orange,
2539,United States,Orlando,
2540,United States,Overland Park,
2541,United States,Oxnard,
2542,United States,Palmdale,
2543,United States,Pasadena,
2544,United States,Paterson,
2545,United States,Pembroke Pines,
2546,United States,Peoria,
2547,United States,Philadelphia,
2548,United States,Phoenix,
2549,United States,Pittsburgh,
2550,United States,Plano,
2551,United States,Pomona,
2552,United States,Portland,
2553,United States,Portsmouth,
2554,United States,Providence,
2555,United States,Provo,
2556,United States,Pueblo,
2557,United States,Raleigh,
2558,United States,Rancho Cucamonga,
2559,United States,Reno,
2560,United States,Richmond,
2561,United States,Riverside,
2562,United States,Rochester,
2563,United States,Rockford,
2564,United States,Sacramento,
2565,United States,Salem,
2566,United States,Salinas,
2567,United States,Salt Lake City,
2568,United States,San Antonio,
2569,United States,San Bernardino,
2570,United States,San Diego,
2571,United States,San Francisco,
2572,United States,San Jose,
2573,United States,Santa Ana,
2574,United States,Santa Clara,
2575,United States,Santa Clarita,
2576,United States,Santa Rosa,
2577,United States,Savannah,
2578,United States,Scottsdale,
2579,United States,Seattle,
2580,United States,Shreveport,
2581,United States,Simi Valley,
2582,United States,Sioux Falls,
2583,United States,South Bend,
2584,United States,Spokane,
2585,United States,Springfield,
2586,United States,St. Louis,
2587,United States,Saint Paul,
2588,United States,Saint Petersburg,
2589,United States,Stamford,
2590,United States,Stockton,
2591,United States,Sunnyvale,
2592,United States,Syracuse,
2593,United States,Tacoma,
2594,United States,Tallahassee,
2595,United States,Tampa,
2596,United States,Tempe,
2597,United States,Thousand Oaks,
2598,United States,Toledo,
2599,United States,Topeka,
2600,United States,Torrance,
2601,United States,Tucson,
2602,United States,Tulsa,
2603,United States,Vallejo,
2604,United States,Vancouver,
2605,United States,Ventura,
2606,United States,Virginia Beach,
2607,United States,"Washington, D.C.",
2608,United States,Waco,
2609,United States,Warren,
2610,United States,Waterbury,
2611,United States,West Covina,
2612,United States,West Valley City,
2613,United States,Wichita,
2614,United States,Wichita Falls,
2615,United States,Winston-Salem,
2616,United States,Worcester,
2617,United States,Yonkers,
2618,Uruguay,Montevideo,67.8
2619,Uzbekistan,Andizhan,
2620,Uzbekistan,Angren,
2621,Uzbekistan,Bukhara,
2622,Uzbekistan,Chirchik,
2623,Uzbekistan,Fergana,
2624,Uzbekistan,Kokand,
2625,Uzbekistan,Namangan,
2626,Uzbekistan,Navoi,
2627,Uzbekistan,Nukus,
2628,Uzbekistan,Samarkand,
2629,Uzbekistan,Tashkent,
2630,Uzbekistan,Termez,
2631,Venezuela,Barcelona,
2632,Venezuela,Barinas,
2633,Venezuela,Barquisimeto,
2634,Venezuela,Caracas,28.1
2635,Venezuela,Carúpano,
2636,Venezuela,Ciudad Bolívar,
2637,Venezuela,Ciudad Guayana,
2638,Venezuela,Coro,
2639,Venezuela,Cumaná,
2640,Venezuela,Maracaibo,
2641,Venezuela,Maracay,
2642,Venezuela,Mérida,
2643,Venezuela,San Fernando de Apure,
2644,Venezuela,Valencia,
2645,Vietnam,Can Tho,
2646,Vietnam,Da Nang,
2647,Vietnam,Dalat,
2648,Vietnam,Hanoi,67.7
2649,Vietnam,Haiphong,
2650,Vietnam,Ho Chi Minh City,
2651,Vietnam,Hon Gai,
2652,Vietnam,Hué,
2653,Vietnam,Nhatrang,
2654,Vietnam,Qui Nhon,
2655,Vietnam,Rach Gia,
2656,Vietnam,Vinh,
2657,Vietnam,Vung Tau,
2658,U.S. Virgin Islands,Charlotte Amalie,
2659,Wallis and Futuna,Mata-Utu,
2660,Western Sahara,El Aaiun,
2661,Yemen,Adan,
2662,Yemen,Ibb,
2663,Yemen,Ta'izz,
2664,Zambia,Kabwe,
2665,Zambia,Kitwe,
2666,Zambia,Lusaka,
2667,Zambia,Ndola,
2668,Zimbabwe,Bulawayo,
2669,Zimbabwe,Gweru,
2670,Zimbabwe,Harare,
